区域,板块,项目名称,套数,开盘时间,单价,套均总价,户型,类别,社保系数,是否触发积分,入围积分,标准化积分,坐标
嘉定,江桥,保利云上澄光,232,6/18/2021,56000,,,,0.11,触发,66.28,64.8,"121.310222,31.268965"
嘉定,安亭,中骏璟尚,184,6/8/2021,37000,,,,0.1,触发,60.5,60.5,"121.161699,31.285837"
嘉定,江桥,南山虹桥领峯,,7/13/2021,57500,,,,0.11,触发,58.36,57.6,"121.31576,31.267595"
嘉定,南翔,融信海纳印象,340,7/20/2021,59000,,,,0.11,触发,52.09,51.9,"121.307735,31.301541"
嘉定,菊园新区,金地峯范,326,5/30/2021,46500,,,,0.1,触发,51.9,51.9,"121.228507,31.392958"
嘉定,安亭,万科西郊都会,363,6/10/2021,39800,,,,0.1,触发,47,47,"121.195717,31.272131"
嘉定,菊园新区,金地峯范,503,7/11/2021,46500,,,,0.1,触发,43.4,43.4,"121.228507,31.392958"
嘉定,南翔,融信海纳印象,360,4/30/2021,59000,,,,0.1,触发,40.9,40.9,"121.307735,31.301541"
嘉定,新城,金地嘉悦湾,336,7/14/2021,43706,,,,0.1,未触发,30.5,30.5,"121.286512,31.372986"
嘉定,菊园新区,路劲悦茂府,304,4/28/2021,44500,,,,0.1,未触发,0,0,"121.229953,31.375481"
嘉定,安亭,万科·莱茵半岛,242,4/23/2021,42000,,,,0.1,未触发,0,0,"121.181645,31.267858"
嘉定,南翔,云湖漫城,377,5/28/2021,57800,,,,0.11,未触发,0,4.545454545,"121.292315,31.306511"
嘉定,嘉定新城,嘉宝梦之春,367,6/9/2021,48100,,,,0.11,未触发,0,4.545454545,"121.260132,31.377081"
奉贤,南桥,金海壹品,363,10/11/2021,40000,,,,0.1,触发,72.8,72.8,"121.497138,30.916609"
奉贤,南桥,保利明玥霞光,275,,40000,,,,0.1,触发,71.1,71.1,"121.5014,30.920373"
奉贤,南桥,保利明玥湖光,474,10/19/2021,40000,,,,0.1,触发,68.5,68.5,"121.502207,30.923297"
奉贤,肖塘,阳光城未来悦,262,,35800,,,,0.1,触发,57.2,57.2,"121.436379,30.95948"
奉贤,肖塘,阳光城未来悦,337,6/4/2021,35800,,,,0.1,触发,50,50,"121.436379,30.95948"
奉贤,南桥,银河丽湾,49,,37100,,,,0.16,触发,44.84,46.775,"121.493352,30.917069"
奉贤,南桥,国欣颐养·中澳城,273,,39600,,,,,触发,41.8,#DIV/0!,"121.475393,30.924004"
奉贤,奉贤新城,山金中澳城,273,,39500,,,,0.1,触发,41.48,41.48,"121.475393,30.924004"
奉贤,南桥,融信·海月四季,316,4/14/2021,38330,,,,0.1,未触发,0,0,"121.51607,30.92473"
奉贤,南桥,融信·海月四季,161,,43500,,,,,未触发,0,#DIV/0!,"121.51607,30.92473"
奉贤,肖塘,阳光城未来悦,357,,35800,,,,0.1,未触发,0,0,"121.436379,30.95948"
奉贤,金汇,龙湖春江天玺,288,,45500,,,,0.11,未触发,0,4.545454545,"121.512227,30.971507"
奉贤,金汇,南桥金茂悦,245,5/27/2021,43300,,,,0.11,未触发,0,4.545454545,"121.503122,30.961665"
奉贤,奉贤新城,光明九胤,64,6/8/2021,36900,,,,0.1,未触发,0,0,"121.488437,30.95789"
奉贤,青村,阳光城青溪水岸,210,6/5/2021,29000,,,,0.1,未触发,0,0,"121.589205,30.928827"
奉贤,四团,奉发宝龙广场,367,6/23/2021,24900,,,,0.1,未触发,0,0,"121.732595,30.933689"
奉贤,四团,奉发宝龙广场,422,,25900,,,,,未触发,0,#DIV/0!,"121.732595,30.933689"
奉贤,青村,宝业青春里,210,,29200,,,,,未触发,0,#DIV/0!,"121.59908,30.929949"
奉贤,奉城,大家·美颂,401,,27000,,,,,未触发,0,#DIV/0!,"121.662706,30.909721"
奉贤,奉城,大家·美颂,369,,26800,,,,,未触发,0,#DIV/0!,"121.662706,30.909721"
奉贤,南桥,光语著,192,,32800,,,,,未触发,0,#DIV/0!,"121.505708,30.898392"
奉贤,南桥,绿地铂晶舍,124,,42300,,,,,未触发,0,#DIV/0!,"121.466851,30.872995"
奉贤,南桥,正阳·铂璟湾,527,,39000,,,,,未触发,0,#DIV/0!,"121.475091,30.908286"
奉贤,南桥,正阳·铂璟湾,80,,48800,,,,,未触发,0,#DIV/0!,"121.475091,30.908286"
奉贤,奉城,中海戈雅园,324,,27500,,,,,未触发,0,#DIV/0!,"121.666789,30.915387"
奉贤,金汇,天和尚上海,100,11/3/2021,49000,,,,0.11,未触发,0,4.545454545,"121.556464,30.975607"
奉贤,金汇,禹洲雍锦府,303,,31900,,,,,未触发,0,#DIV/0!,"121.508504,30.977665"
奉贤,金汇,大家·美颂,258,,34100,,,,,未触发,0,#DIV/0!,"121.662706,30.909721"
奉贤,金汇,禹洲天境·铂悦,289,10/22/2021,34100,,,,0.1,未触发,0,0,"121.505424,30.978973"
奉贤,金汇,禹洲天境·璞悦,64,,33800,,,,,未触发,0,#DIV/0!,"121.508504,30.977665"
奉贤,金汇,禹洲天境·雍锦府,302,,31900,,,,,未触发,0,#DIV/0!,"121.508504,30.977665"
宝山,杨行,大华公园荟,93,,53800,,,,0.12,触发,75.72,71.43333333,"121.439205,31.382685"
宝山,上大,大华朗香公园里,232,7/14/2021,57000,,,,0.11,触发,70.45,68.59090909,"121.405326,31.31953"
宝山,上大,大华朗香花园,106,,57600,,,,0.11,触发,70.01,68.19090909,"121.379086,31.320813"
宝山,杨行,四季都会绿龙北,344,,47600,,,,0.1,触发,66.8,66.8,"121.429076,31.391743"
宝山,上大,大华朗香公园里,544,6/4/2021,57000,,,,0.11,触发,64.3,63,"121.405326,31.31953"
宝山,顾村,大华锦绣悦府,118,10/19/2021,49300,,,,0.1,触发,63.6,63.6,"121.37588,31.353963"
宝山,共康,大华公园城市,672,6/2/2021,59600,,,,0.11,触发,61.87,60.79090909,"121.426467,31.325313"
宝山,杨行,四季都会绿龙北,352,7/8/2021,47200,,,,0.1,触发,61.7,61.7,"121.429076,31.391743"
宝山,大场,大华悦庭,126,,57600,,,,0.11,触发,60.01,59.1,"121.403842,31.300773"
宝山,杨行,大华公园荟,316,4/27/2021,46500,,,,0.1,触发,55.6,55.6,"121.439205,31.382885"
宝山,顾村,中企光华雅境,324,,47500,,,,0.1,触发,55.2,55.2,"121.350255,31.355289"
宝山,共富,央玺,288,7/19/2021,71000,,,,0.15,触发,49.2,49.46666667,"121.421746,31.344002"
宝山,顾村,上实海上菁英,552,6/10/2021,47500,,,,0.1,触发,41.8,41.8,"121.348797,31.354111"
宝山,罗店,建发云锦湾,368,6/8/2021,47900,,,,0.11,触发,38.58,39.61818182,"121.343594,31.393956"
宝山,顾村,大华锦绣四季,322,,53800,,,,,触发,37.3,#DIV/0!,"121.400086,31.358421"
宝山,顾村,大华锦绣四季,436,4/21/2021,47065,,,,0.1,未触发,0,0,"121.400086,31.358421"
宝山,罗店,建发云锦湾,566,,46200,,,,0.1,未触发,0,0,"121.343594,31.393956"
宝山,杨行,四季都会月城西,382,4/16/2021,46800,,,,0.1,未触发,0,0,"121.435153,31.375057"
宝山,罗店,华润卓越·玲珑悦府,391,5/27/2021,41800,,,,0.1,未触发,0,0,"121.374458,31.410109"
宝山,罗店,红星宝山天铂,384,6/7/2021,37600,,,,0.1,未触发,0,0,"121.334116,31.442648"
宝山,大场,大华悦庭,499,,57600,,,,,未触发,0,#DIV/0!,"121.403842,31.300773"
宝山,上大,经纬学府阳光,369,,57200,,,,,未触发,0,#DIV/0!,"121.399132,31.330457"
宝山,顾村,上城院子,514,,54400,,,,,未触发,0,#DIV/0!,"121.396206,31.365508"
宝山,杨行,万业·紫辰苑,172,11/11/2021,46000,,,,0.11,未触发,0,4.545454545,"121.43643,31.398537"
崇明,东滩,仁恒海明院,220,10/30/2021,34700,,,,0.11,触发,41.42,42.2,
崇明,东滩,仁恒海和院,165,6/12/2021,30500,,,,0.11,未触发,0,4.545454545,
崇明,东滩,光明墅,300,6/6/2021,31000,,,,0.1,未触发,0,0,
崇明,崇明新城,保利明玥潮升,283,,32200,,,,,未触发,0,#DIV/0!,
崇明,东滩,东滩云墅,252,,35000,,,,,未触发,0,#DIV/0!,
崇明,东滩,东滩云墅,132,11/14/2021,33200,,,,0.1,未触发,0,0,
崇明,长兴岛,长兴金茂逸墅,698,,31400,,,,,未触发,0,#DIV/0!,
崇明,崇明新城,金融街金悦府,290,,35000,,,,,未触发,0,#DIV/0!,
崇明,崇明新城,金融街金悦府,407,11/13/2021,29300,,,,0.1,未触发,0,0,
崇明,崇明新城,路劲象屿岛上的院子,454,,34500,,,,,未触发,0,#DIV/0!,
崇明,东滩,路劲象屿岛上的院子,401,10/22/2021,29100,,,,0.1,未触发,0,0,
崇明,东滩,仁恒海明院,340,,34700,,,,0.11,未触发,0,4.545454545,
崇明,东滩,上实和风院,262,,31200,,,,,未触发,0,#DIV/0!,
崇明,崇明新城,十里江湾,304,,28900,,,,,未触发,0,#DIV/0!,
徐汇,滨江,云锦东方,95,10/30/2021,150800,,,,0.24,触发,89.52,66.46666667,"121.45428,31.164536"
徐汇,漕河泾,鑫耀中城,328,12/2/2021,104500,,,,0.17,触发,69.21,61.3,"121.41516,31.169933"
徐汇,滨江,宝能公馆1288,201,,125000,,,,,未触发,0,#DIV/0!,"121.454647,31.15013"
徐汇,滨江,尚海湾豪庭,305,,125000,,,,,未触发,0,#DIV/0!,"121.45902,31.178734"
普陀,武宁,新湖明珠城,173,,105200,,,,0.23,触发,58.51,53.7,"121.428088,31.241602"
普陀,石泉,苏河望,96,,101600,,,,0.15,触发,51.35,50.9,"121.425313,31.252846"
普陀,武宁,新湖明珠城,173,,105200,,,,0.23,触发,50,50,"121.428088,31.241802"
普陀,长风,沁和园,51,11/3/2021,106800,,,,0.24,未触发,0,29.16666667,"121.383729,31.226664"
普陀,石泉,苏河望,323,,101600,,,,0.17,未触发,0,20.58823529,"121.425313,31.253046"
杨浦,东外滩,首创天阅滨江,10,,109900,,,,0.19,触发,90.78,71.46315789,"121.518988,31.256311"
杨浦,江浦,仁恒海上源,226,,115000,,,,0.21,触发,73.44,61.16190476,"121.523705,31.270599"
杨浦,东外滩,龙光天境,311,,99000,,,,0.16,触发,70.72,62.95,"121.551627,31.280059"
杨浦,鞍山,保利天汇,308,,109900,,,,0.16,触发,68.88,61.8,"121.510427,31.267522"
杨浦,新江湾城,中企云萃江湾,334,,97000,,,,0.15,触发,63.9,59.26666667,"121.515974,31.325434"
杨浦,江浦,仁恒海上源,299,,115000,,,,0.22,触发,50.65,50.29545455,"121.523705,31.270599"
杨浦,东外滩,东外滩爱国里,119,12/20/2021,97400,,,,,未触发,0,#DIV/0!,"121.551312,31.276341"
杨浦,新江湾城,上海院子,209,,132500,,,,,未触发,0,#DIV/0!,"121.510597,31.321788"
杨浦,新江湾城,上海院子,138,,133100,,,,,未触发,0,#DIV/0!,"121.510597,31.321788"
杨浦,东外滩,杨浦滨江壹号,297,,99000,,,,,未触发,0,#DIV/0!,"121.549469,31.28165"
松江,松江新城,荣景苑,82,,60000,,,,,未触发,0,#DIV/0!,"121.225308,31.004858"
松江,松江新城,荣景苑,75,,40800,,,,,未触发,0,#DIV/0!,"121.225308,31.004858"
松江,泗泾,泗水和鸣三期,128,4/21/2021,46237,,,,0.1,触发,68,68,"121.261793,31.124811"
松江,泗泾,同济晶萃二期,400,,48000,,,,0.1,触发,58,58,"121.245632,31.118882"
松江,泗泾,金地西郊风华,72,4/30/2021,60000,,,,0.14,触发,47.84,48.45714286,"121.25388,31.111455"
松江,洞泾,尚云里,269,10/19/2021,46300,,,,0.1,未触发,43.5,43.5,"121.297069,31.084758"
松江,佘山,国贸·佘山原墅,306,4/20/2021,51759,,,,0.11,未触发,0,4.545454545,"121.175914,31.085558"
松江,佘山,国贸·佘山原墅,122,,49300,,,,,未触发,0,#DIV/0!,"121.175914,31.085558"
松江,松江新城,国贸·凤凰原,79,4/23/2021,44407,,,,0.1,未触发,0,0,"121.189705,31.003139"
松江,新城,景瑞·江山悦,280,4/28/2021,47100,,,,0.1,未触发,0,0,"121.253537,31.037729"
松江,洞泾,尚云里,330,6/7/2021,48500,,,,0.11,未触发,0,4.545454545,"121.297069,31.084758"
松江,新桥,象屿上海年华,80,6/11/2021,43500,,,,0.1,未触发,0,0,"121.34156,31.072881"
松江,松江新城,国贸梧桐原,468,6/3/2021,44000,,,,0.1,未触发,0,0,"121.202903,31.126281"
松江,松江新城,大名城映云间,374,6/1/2021,44000,,,,0.1,未触发,0,0,"121.188512,31.00767"
松江,永丰,大名城映云间,224,,49000,,,,,未触发,0,#DIV/0!,"121.188512,31.00767"
松江,松江新城,合景天悦赋,340,,60000,,,,,未触发,0,#DIV/0!,"121.226163,31.059555"
松江,松江新城,华发象屿光星华府,219,,55000,,,,,未触发,0,#DIV/0!,"121.242539,31.050372"
松江,松江新城,华亭首府,210,,46000,,,,,未触发,0,#DIV/0!,"121.185474,31.030146"
松江,松江新城,华亭首府,28,11/9/2021,59800,,,,0.2,未触发,0,25,"121.185474,31.030146"
松江,松江新城,金地丰盛道,414,,53800,,,,,未触发,0,#DIV/0!,"121.254865,31.061677"
松江,松江新城,金地丰盛道,284,,52400,,,,,未触发,0,#DIV/0!,"121.254865,31.061677"
松江,松江老城,佘山玺樾,221,,55700,,,,,未触发,0,#DIV/0!,"121.191514,31.065732"
松江,松江老城,松岳名都,193,,47100,,,,,未触发,0,#DIV/0!,"121.234783,31.014707"
松江,九亭,洋江唐顿公馆,216,,50400,,,,,未触发,0,#DIV/0!,"121.320284,31.129618"
松江,泗泾,招商华发9号公馆,296,,46200,,,,,未触发,0,#DIV/0!,"121.74467,30.962264"
松江,小昆山,中海阅麓山,98,,52100,,,,,未触发,0,#DIV/0!,"121.134058,31.029049"
松江,小昆山,中海阅麓山,226,,49100,,,,,未触发,0,#DIV/0!,"121.134058,31.029049"
松江,小昆山,中海阅麓山,354,,41700,,,,,未触发,0,#DIV/0!,"121.134058,31.029049"
松江,佘山,中凯曼茶园,32,,110000,,,,,未触发,0,#DIV/0!,"121.198066,31.086353"
浦东新区,陆家嘴,九庐,152,,135000,,,,0.22,触发,98.4,72,"121.515497,31.242966"
浦东新区,杨思前滩,晶鸿名邸,202,,102000,,,,0.17,触发,97.23,77.78235294,"121.478781,31.160976"
浦东新区,碧云,碧云尊邸,173,,112000,,,,0.24,触发,92.24,67.6,"121.57916,31.235085"
浦东新区,杨思前滩,东方惠雅,384,2021/11/几,,,,,0.14,触发,87.44,76.74285714,"121.479151,31.159748"
浦东新区,外高桥,森兰星河湾,285,6/24/2021,79500,,,,0.19,触发,82.42,67.06315789,"121.594531,31.290585"
浦东新区,金桥,浦开仁恒·金桥世纪,383,11/17/2021,70300,,,,0.14,触发,78.06,70.04285714,"121.630683,31.286164"
浦东新区,金桥,浦开仁恒·金桥世纪,175,4/27/2021,70277,,,,0.13,触发,75.6,69.69230769,"121.630683,31.286164"
浦东新区,周浦,浦发东悦城,360,,42000,,,,0.1,触发,71.2,71.2,"121.584853,31.102805"
浦东新区,金桥,嘉泷汇,229,5/13/2021,83000,,,,0.15,触发,69.6,63.06666667,"121.589311,31.254641"
浦东新区,唐镇,华侨城纯水岸,788,,70600,,,,0.13,触发,69.11,64.7,"121.666594,31.226673"
浦东新区,川沙,陆家嘴锦绣观澜,192,6/11/2021,64000,,,,0.11,触发,69.02,67.29090909,"121.700013,31.178785"
浦东新区,周康,浦发仁恒珊瑚世纪,316,7/13/2021,67800,,,,0.13,触发,67.93,63.79230769,"121.549948,31.115839"
浦东新区,唐镇,融创未来金融城（13c-01）,437,7/8/2021,68000,,,,0.13,触发,61.3,58.69230769,"121.677066,31.209468"
浦东新区,周浦,绿地海富·东上海,389,11/5/2021,62000,,,,0.13,触发,58.45,56.5,"121.57335,31.1246"
浦东新区,周康,绿地海富·东上海,257,6/8/2021,62000,,,,0.13,触发,58.32,56.4,"121.57335,31.1246"
浦东新区,唐镇,融创未来金融城（13b-01）,466,10/9/2021,68000,,,,0.12,触发,57.44,56.2,"121.677066,31.209468"
浦东新区,祝桥,君御公馆,308,6/10/2021,34000,,,,0.1,触发,56.7,56.7,"121.777109,31.050952"
浦东新区,康桥,亲水湾朗廷,131,,64400,,,,0.12,触发,56.36,55.3,"121.580477,31.150865"
浦东新区,唐镇,融创未来金融城（13a-01）,302,7/9/2021,68000,,,,0.12,触发,56.28,55.23333333,"121.677066,31.209468"
浦东新区,周康,壹府澜庭,431,6/3/2021,69000,,,,0.12,触发,54.52,53.76666667,"121.558059,31.117352"
浦东新区,唐镇,融创未来金融城,272,,68000,,,,0.13,触发,52.99,52.3,"121.677066,31.209468"
浦东新区,周康,浦发仁恒珊瑚世纪,72,,80600,,,,0.2,触发,50,50,"121.549948,31.115839"
浦东新区,外高桥,阳明花园,336,5/20/2021,53000,,,,0.11,触发,49.09,49.17272727,"121.591748,31.335305"
浦东新区,康桥,仁恒华发·海上溪云,514,,67700,,,,0.11,触发,44.41,44.91818182,"121.546628,31.130421"
浦东新区,祝桥,公元2040,212,7/14/2021,45000,,,,0.1,触发,43.2,43.2,"121.769555,31.105503"
浦东新区,周浦,壹府澜庭,365,10/30/2021,69000,,,,0.12,触发,41.28,42.73333333,"121.558059,31.117352"
浦东新区,祝桥,公元2040,336,6/9/2021,45400,,,,0.1,触发,40.7,40.7,"121.769555,31.105503"
浦东新区,惠南,海玥瑄邸,321,4/16/2021,35055,,,,0.1,未触发,0,0,"121.719325,31.04577"
浦东新区,宣桥,海玥瑄邸,235,,40100,,,,,未触发,0,#DIV/0!,"121.719325,31.04577"
浦东新区,川沙,保利云上拾光,360,10/19/2021,45000,,,,0.1,未触发,0,0,"121.707878,31.10551"
浦东新区,川沙,保利云上拾光,780,,46300,,,,,未触发,0,#DIV/0!,"121.707878,31.10551"
浦东新区,塘桥,滨江一品苑,179,11/4/2021,111900,,,,0.23,未触发,0,28.26086957,"121.517783,31.205369"
浦东新区,世博,恒大小区,24,,68000,,,,,未触发,0,#DIV/0!,"121.51182,31.170312"
浦东新区,森兰,浦东紫薇花园,656,,67600,,,,,未触发,0,#DIV/0!,"121.586539,31.327733"
虹口,临平路,中粮瑞虹海景壹号,210,7/11/2021,115000,,,,0.23,触发,94.96,69.54782609,"121.502324,31.267797"
虹口,临平路,中粮瑞虹海景壹号,217,,115000,,,,0.23,触发,88.18,66.6,"121.502324,31.268297"
虹口,北外滩,新弘弘久北外滩,265,6/6/2021,129800,,,,0.21,触发,73.73,61.3,"121.503075,31.252926"
虹口,鲁迅公园,融创青云一号,269,7/12/2021,105000,,,,0.19,触发,71.99,61.57368421,"121.474812,31.265386"
虹口,北外滩,新弘弘久北外滩,167,,132000,,,,0.22,触发,66.5,57.5,"121.503075,31.252426"
虹口,北外滩,招商外滩玺,309,,122500,,,,0.19,触发,60.21,55.37368421,"121.49511,31.255332"
虹口,临平路,招商云玺,215,12/20/2021,118000,,,,,未触发,0,#DIV/0!,"121.492458,31.266555"
虹口,北外滩,中皇北岸锦源,344,,113000,,,,,未触发,0,#DIV/0!,"121.494681,31.254098"
金山,新城,铂翠廷,44,7/16/2021,34700,,,,0.1,触发,47.1,47.1,
金山,金山新城,金玥湾,328,4/17/2021,28849,,,,0.1,未触发,0,0,
金山,枫泾,龙信·御澜天樾,320,4/17/2021,21883,,,,0.1,未触发,0,0,
金山,枫泾,龙信·御澜天樾,310,10/12/2021,21900,,,,0.1,未触发,0,0,
金山,新城,铂翠廷,456,4/21/2021,29049,,,,0.1,未触发,0,0,
金山,枫泾,华发招商依云四季,352,6/4/2021,21000,,,,0.1,未触发,0,0,
金山,枫泾,华发招商依云四季,440,,20900,,,,,未触发,0,#DIV/0!,
金山,枫泾,华发招商依云四季,260,,21100,,,,,未触发,0,#DIV/0!,
金山,张堰镇,新华御府,334,6/6/2021,37700,,,,0.1,未触发,0,0,
金山,金山新城,建邦国宸府,234,6/11/2021,37800,,,,0.1,未触发,0,0,
金山,金山新城,碧桂园凤凰城,288,,28200,,,,,未触发,0,#DIV/0!,
金山,金山新城,碧桂园凤凰城,360,,28100,,,,,未触发,0,#DIV/0!,
金山,金山新城,碧桂园凤凰城,324,,27300,,,,,未触发,0,#DIV/0!,
金山,金水湖,复地湖畔和光,332,10/31/2021,20700,,,,0.1,未触发,0,0,
金山,金水湖,复地湖畔和光,340,,20700,,,,,未触发,0,#DIV/0!,
金山,金山新城,光明艺树家,354,,27000,,,,,未触发,0,#DIV/0!,
金山,枫泾,海玥瀜庭,298,,25200,,,,,未触发,0,#DIV/0!,
金山,枫泾,金源-梧桐印象,408,10/30/2021,21900,,,,0.1,未触发,0,0,
金山,金水湖,澜庭,136,,20400,,,,,未触发,0,#DIV/0!,
金山,朱泾,水尚华庭,550,,31900,,,,,未触发,0,#DIV/0!,
金山,金水湖,新未来樾湖,304,,20400,,,,,未触发,0,#DIV/0!,
金山,金水湖,云湖壹号,408,,21200,,,,,未触发,0,#DIV/0!,
金山,枫泾,中冶枫郡,186,,22700,,,,,未触发,0,#DIV/0!,
长宁,愚园路,愚源名邸,154,9/14/2021,125000,,,,0.18,未触发,0,22.22222222,"121.4283,31.215608"
闵行,七宝,融信旭辉世纪古美,364,7/9/2021,82500,,,,0.14,触发,72.04,65.74285714,"121.377745,31.141983"
闵行,浦江,新城·千禧公园,328,4/20/2021,40400,,,,0.1,触发,66.2,66.2,"121.508866,31.02441"
闵行,七宝,融信旭辉世纪古美,394,10/23/2021,82500,,,,0.13,触发,63.26,60.2,"121.377745,31.142483"
闵行,颛桥,华发四季半岛,274,,64000,,,,0.12,触发,62.28,60.23333333,"121.401438,31.058821"
闵行,颛桥,颛桥紫薇花园,476,,67000,,,,0.11,触发,57.37,56.7,"121.392094,31.066317"
闵行,浦江,建发浦上湾,498,3/5/2021,40400,,,,0.1,触发,56.7,56.7,"121.507247,31.0251"
闵行,颛桥,华发四季半岛,481,,64000,,,,0.12,触发,53.96,53.3,"121.401438,31.059321"
闵行,马桥,上海华府天地,192,,61000,,,,0.15,触发,50,50,"121.365372,31.040206"
闵行,颛桥,上海星河湾三期,246,4/14/2021,78280,,,,0.21,未触发,0,26.19047619,"121.411892,31.087065"
闵行,颛桥,上海星河湾三期,292,,78300,,,,,未触发,0,#DIV/0!,"121.411892,31.087565"
闵行,浦江镇,宝华源墅,224,5/27/2021,85000,,,,0.22,未触发,0,27.27272727,"121.511336,31.117739"
闵行,金虹桥,古北中央公园,226,5/30/2021,108800,,,,0.24,未触发,0,29.16666667,"121.407497,31.183309"
闵行,马桥,德信交投·隐秀云庐,251,6/29/2021,48000,,,,0.1,未触发,0,0,"121.342772,31.043766"
闵行,马桥,德信交投·隐秀云庐,142,10/29/2021,50400,,,,0.11,未触发,0,4.545454545,"121.342772,31.044266"
闵行,浦江,城开御璋,40,,100000,,,,,未触发,0,#DIV/0!,
闵行,马桥,玖玺四期,184,,50300,,,,,未触发,0,#DIV/0!,"121.345043,31.04456"
闵行,马桥,联仲都悦汇,38,,69400,,,,,未触发,0,#DIV/0!,"121.36025,31.033688"
闵行,浦江,上海桃花源,188,,147000,,,,,未触发,0,#DIV/0!,"121.493028,31.107217"
青浦,徐泾,万科天空之城,152,,58600,,,,0.11,触发,82.88,79.89090909,"121.252357,31.17566"
青浦,徐泾,上海蟠龙天地,741,10/2/2021,61500,,,,0.11,触发,81.23,78.39090909,"121.278004,31.188091"
青浦,徐泾,虹桥悦澜,161,6/2/2021,61300,,,,0.12,触发,78.36,73.63333333,"121.28379,31.184841"
青浦,徐泾,万科天空之城,256,7/14/2021,58600,,,,0.12,触发,76.52,72.1,"121.252357,31.17616"
青浦,徐泾,金地虹悦湾,64,,61000,,,,0.11,触发,74.08,71.89090909,"121.316583,31.167123"
青浦,赵巷,金臣颐墅,124,10/29/2021,77800,,,,0.2,触发,74,62,"121.219196,31.140159"
青浦,徐泾,远洋虹桥万和源,279,11/12/2021,60300,,,,0.1,触发,72.1,72.1,"121.24977,31.181804"
青浦,徐泾,远洋虹桥万和源,320,7/13/2021,60300,,,,0.12,触发,66,63.33333333,"121.24977,31.182304"
青浦,徐泾,招商虹桥公馆,272,4/21/2021,60100,,,,0.11,触发,65.39,63.99090909,"121.253052,31.181631"
青浦,新城,佳兆业金茂未来城,358,6/1/2021,44000,,,,0.1,触发,63.6,63.6,"121.133077,31.160778"
青浦,徐泾,招商虹桥公馆,276,6/10/2021,60100,,,,0.11,触发,62.65,61.5,"121.253052,31.182131"
青浦,新城,佳兆业金茂未来城,294,11/10/2021,44000,,,,0.1,触发,62.3,62.3,"121.133077,31.161278"
青浦,徐泾,金地虹悦湾,359,5/30/2021,64900,,,,0.12,触发,62.16,60.13333333,"121.316583,31.167623"
青浦,新城,上善水樾,72,,49500,,,,0.1,触发,59.4,59.4,"121.112849,31.162166"
青浦,青浦新城,盛青云驰,352,,43900,,,,0.1,触发,59,59,"121.087472,31.133806"
青浦,新城,上善水樾,132,,41500,,,,0.1,触发,57.5,57.5,"121.112849,31.162666"
青浦,新城,宝业·活力天地,187,4/22/2021,43100,,,,0.1,触发,57.4,57.4,"121.086299,31.13133"
青浦,新城,中环境秋月,224,5/13/2021,41500,,,,0.1,触发,50.5,50.5,"121.059474,31.128429"
青浦,徐泾,安澜西郊宽境,50,7/18/2021,69300,,,,0.24,触发,50,50,"121.294028,31.155064"
青浦,朱家角,璟云里,275,6/11/2021,37700,,,,0.11,触发,35.72,37.01818182,"121.025777,31.110254"
青浦,徐泾,招商虹桥公馆,335,,60100,,,,0.11,未触发,0,4.545454545,"121.253052,31.182631"
青浦,新城,中环境秋月,321,,39500,,,,0.1,未触发,0,0,"121.059474,31.128429"
青浦,新城,中环境秋月,378,,42000,,,,0.1,未触发,0,0,"121.059474,31.128929"
青浦,新城,首创·禧悦芳菲,524,4/16/2021,45126,,,,0.1,未触发,0,0,"121.079622,31.131307"
青浦,徐泾,金地虹悦湾,320,,61000,,,,0.12,未触发,0,8.333333333,"121.316583,31.167623"
青浦,朱家角,璟云里,176,,38800,,,,0.11,未触发,0,4.545454545,"121.025777,31.110754"
青浦,朱家角,大名城映湖,348,,39600,,,,,未触发,0,#DIV/0!,"121.060469,31.127212"
青浦,朱家角,大名城映湖,238,,39600,,,,,未触发,0,#DIV/0!,"121.060469,31.127712"
青浦,徐泾,俊灿星城星尚庭,473,,62500,,,,0.1,未触发,0,0,"121.274988,31.166409"
青浦,徐泾,俊灿星城星愿里,30,,62500,,,,0.1,未触发,0,0,"121.274988,31.166909"
青浦,徐泾,御品园林,74,,80700,,,,,未触发,0,#DIV/0!,"121.268167,31.152699"
静安,西藏北路,龙盛福新里,119,7/13/2021,132000,,,,0.24,触发,82.8,63.66666667,"121.464376,31.242164"
静安,西藏北路,新湖上海青蓝,255,,114800,,,,0.2,触发,50.6,50.3,"121.4736,31.26283"
静安,西藏北路,中兴路一号,300,6/1/2021,129800,,,,0.19,未触发,0,23.68421053,"121.475257,31.256942"
静安,西藏北路,铭德传奇·漪景庭,20,5/30/2021,129000,,,,0.24,未触发,0,29.16666667,"121.4698,31.250629"
静安,西藏北路,宝珀公寓,299,10/28/2021,112000,,,,0.18,未触发,0,22.22222222,"121.479558,31.255471"
静安,西藏北路,安康苑,309,,128800,,,,0.23,未触发,0,28.26086957,"121.478482,31.249666"
黄浦,老西门,复兴珑御,47,7/11/2021,136000,,,,0.24,触发,112.8,76.16666667,"121.484666,31.217711"
黄浦,新天地,翠湖五集,106,10/15/2021,165000,,,,0.24,触发,102.24,71.76666667,"121.479755,31.218178"
黄浦,董家渡,绿地海珀外滩,145,,142500,,,,0.24,未触发,0,29.16666667,"121.504694,31.21379"
黄浦,豫园,璞玉ONE,174,,130700,,,,,未触发,0,#DIV/0!,"121.489936,31.222857"
长宁,新华路,华山夏都苑二期,36,,130000,,380平,高层,,,,,"121.430957,31.2076"
徐汇,徐汇滨江,宝能公馆1288,约200,,118000,,140-170平3-4房,高层,,,,,"121.454647,31.15013"
徐汇,长桥,汇成南街里,204,,79500,,101-171平3-4房,高层,,,,,"121.444765,31.132846"
徐汇,龙华,香港置地启元,78,,145000,,280-320平,高层,,,,,"121.462983,31.16894"
杨浦,新江湾城,沁风雅苑,108,,待定,,312-478平,叠墅,,,,,
杨浦,新江湾城,中企云萃江湾,待定,,97000,,81-138平2-3房,高层,,,,,"121.515974,31.325434"
杨浦,东外滩,仁恒海上源,372,,115000,,80-271平3-4房,高层,,,,,"121.523705,31.270599"
杨浦,东外滩,金隅外滩东岸,待定,,待定,,99-148平3-4房,高层,,,,,"121.525187,31.272388"
黄浦,淮海中路,凯德茂名公馆,60,,145000,,219-263平,高层,,,,,"121.461411,31.222228"
虹口,北外滩,招商虹玺,待定,,待定,,90平,高层,,,,,"121.503323,31.26548"
静安,新静安内环,天汇世纪玺,747,,112000,,82-157高层165-243联排,高层、联排,,,,,"121.478401,31.254841"
静安,新静安内环,华发仁恒苏河世纪,300,,待定,,99平,高层,,,,,"121.468427,31.241871"
静安,新静安内环,安康苑,210,,128800,,140-260平3-4房,高层,,,,,"121.478482,31.249666"
普陀,长寿路,锦绣里,55,,130000,,200-350平,叠墅、联排,,,,,"121.447658,31.242946"
浦东,张江,浦开江南里,248,,待定,,190-1200平米合院,合院,,,,,"121.588332,31.217204"
闵行,莘庄,天安豪园,144,,81000,,98-148平3-4房,高层,,,,,"121.372495,31.160419"
浦东,世博,保利世博,待定,,待定,,170-250平3-5房,高层,,,,,"121.504188,31.198315"
浦东,川沙,保利云上拾光,待定,,46322,,104-124平米,叠墅,,,,,"121.707878,31.10551"
浦东,曹路,招商璀璨城市,348,,待定,,105-135平米3-4房,高层,,,,,"121.658784,31.263202"
浦东,新场,同润欣汇名邸,待定,,待定,,68-141平米,高层、叠墅,,,,,"121.660709,31.0303"
浦东,周康,海上溪云,48/143,,67725,,90-445平米,洋房、合院,,,,,"121.546245,31.131152"
闵行,马桥,上海华府天地,258,,61000,,叠加:131-168平、联排:189-218平,叠加、联排,,,,,"121.365372,31.040206"
闵行,颛桥,颛桥紫薇花园,待定,,67000,,85-149平2-4房,高层,,,,,"121.399794,31.067607"
闵行,颛桥,华发四季半岛,300多,,64000,,高层102平3房、148-172平叠加,高层、叠加,,,,,"121.400514,31.059704"
闵行,颛桥,上海星河湾,待定,,78280,,226-300平,叠加、联排,,,,,"121.409643,31.089953"
松江,松江新城,金地丰盛道,待定,,53000,,82-160平3-4房,高层、叠加,,,,,"121.254865,31.061677"
松江,九亭,贝尚湾,200,,待定,,104-178平,高层,,,,,"121.321012,31.146453"
松江,车墩,金地新乐里,待定,,36326,,高层91-98平、叠加102-135平,高层、叠加,,,,,"121.316108,31.017224"
青浦,赵巷别墅区,中铁建花语江南,336,,51071,,"洋房95-96平,叠墅上叠157-160平,平叠 166-168平,下叠159-169平",洋房、叠墅,,,,,"121.231701,31.121169"
青浦,徐泾,蟠龙天地,538,,61500,,建面约90-195平,洋房、合院,,,,,"121.278004,31.188091"
青浦,徐泾,俊灿星城,627,,62500,,建面70-130平,高层,,,,,"121.274988,31.166409"
嘉定,南翔,海伦堡玖悦源筑,63,,待定,,80-102平洋房、161-181平叠墅,洋房、叠墅,,,,,"121.310993,31.289453"
嘉定,嘉定新城,日月光伯爵天地,350,,41000,,94-150平3-4房,高层,,,,,"121.239669,31.391292"
嘉定,嘉定新城,金地嘉源,400,,45200,,"97-98平高层,155-175平叠墅",高层、叠墅,,,,,"121.254829,31.330415"
嘉定,南翔,碧桂园柏悦翔湾,713,,62500,,100-180平洋房、叠加、联排,洋房、叠加、联排,,,,,"121.282515,31.311304"
嘉定,马陆,金地案汇,1109,,48100,,"高层92-101平三房,洋房143平",高层、洋房,,,,,
嘉定,嘉定新城,盘古园府,132,,42000,,83-125平3-4房,高层,,,,,"121.24336,31.338145"
宝山,淞宝,上港星江湾,457,,73000,,85-155平小高层及高层,小高层、高层,,,,,"121.513197,31.34588"
宝山,上大,经纬学府阳光,236,,57200,,60-99平1-3房,高层,,,,,"121.402541,31.332844"
宝山,罗店,金融街美兰金悦府,323,,43000,,88-102平3-4房,高层,,,,,"121.381217,31.395005"
宝山,淞宝,碧桂园柏悦江湾,待定,,73000,,98 平洋房、131-147平叠墅,洋房、叠墅,,,,,"121.51267,31.345593"
宝山,罗店,保利云上浔光,344,,46400,,73-97平2-3房,高层,,,,,"121.341307,31.397242"
宝山,顾村,中企光华雅境,144,,47500,,90-126平3-4房,高层,,,,,"121.350255,31.355289"
奉贤,海湾,大名城映园,432,,22976,,96-124平,洋房、小高层,,,,,"121.747068,30.872966"
奉贤,南桥,中建海樾府,1190,,41000,,89-160平,小高层,,,,,"121.487426,30.956796"
奉贤,海湾,泷悦蓝湾,400,,31862,,95-125平,高层,,,,,"121.743277,30.87293"
奉贤,南桥,悦澜雅苑,待定,,38000,,86-135平米,高层,,,,,"121.442955,30.965119"
奉贤,南桥,国欣颐养中澳城,300,,39500,,98-130平米,高层,,,,,"121.475393,30.924004"
